threshold,cost_per_10k
0.0,16391839.415827865
0.001,16191782.864581905
0.002,15904670.966762673
0.003,13298139.000734
0.004,12623324.311506322
0.005,10305569.935904516
0.006,10200582.621859431
0.007,10200582.621859431
0.008,10200582.621859431
0.009000000000000001,8038559.02317182
0.01,8038403.741565155
0.011,8038359.102664442
0.012,7569207.038622178
0.013000000000000001,7244616.88900963
0.014,7244500.053570879
0.015,6779150.008919039
0.016,6697216.070463241
0.017,6194127.597852309
0.018000000000000002,6194057.702502292
0.019,6193866.992981509
0.02,6193796.650583026
0.021,6193796.650583026
0.022,6193610.348960373
0.023,5371017.454414723
0.024,4973829.303030428
0.025,4414326.104915495
0.026000000000000002,4414326.104915495
0.027,4414551.4213945735
0.028,4414551.4213945735
0.029,4414163.7192805
0.03,4414163.7192805
0.031,4413972.965055552
0.032,4413972.965055552
0.033,4413872.528032118
0.034,4413872.528032118
0.035,4413836.206021072
0.036000000000000004,4413836.206021072
0.037,4079250.4983450295
0.038,4079250.4983450295
0.039,4079250.4983450295
0.04,4079250.4983450295
0.041,3649607.0539984945
0.042,3650715.2723032692
0.043000000000000003,3650715.2723032692
0.044,3650641.353517073
0.045,3650641.353517073
0.046,3650118.3311978355
0.047,3649953.661573424
0.048,3649666.2311139586
0.049,3630876.775195238
0.05,3630876.775195238
0.051000000000000004,3630876.775195238
0.052000000000000005,3630876.775195238
0.053,3630876.775195238
0.054,3630876.775195238
0.055,3630876.775195238
0.056,3630876.775195238
0.057,3630876.775195238
0.058,3630876.775195238
0.059000000000000004,3630876.775195238
0.06,3630876.775195238
0.061,3484128.3174267835
0.062,3484128.3174267835
0.063,3483905.084453572
0.064,3483905.084453572
0.065,3483905.084453572
0.066,3367407.872199313
0.067,3373660.61655792
0.068,3373660.61655792
0.069,3373660.61655792
0.07,3373660.61655792
0.07100000000000001,3373660.61655792
0.07200000000000001,3373660.61655792
0.073,3373660.61655792
0.074,3373660.61655792
0.075,3373586.6977717243
0.076,3373586.6977717243
0.077,3313258.386886021
0.078,3313258.386886021
0.079,3313258.386886021
0.08,3313258.386886021
0.081,3313258.386886021
0.082,3313258.386886021
0.083,3313258.386886021
0.084,3313258.386886021
0.085,3313258.386886021
0.08600000000000001,3313258.386886021
0.08700000000000001,3313258.386886021
0.088,3313258.386886021
0.089,3313258.386886021
0.09,3313258.386886021
0.091,3313258.386886021
0.092,3313258.386886021
0.093,3313258.386886021
0.094,3313258.386886021
0.095,3313159.4333858346
0.096,3313159.4333858346
0.097,3313159.4333858346
0.098,3313159.4333858346
0.099,3313159.4333858346
0.1,3313159.4333858346
0.101,3312887.919178499
0.10200000000000001,3312887.919178499
0.10300000000000001,3312887.919178499
0.10400000000000001,3312849.986900059
0.105,3312849.986900059
0.106,3312849.986900059
0.107,3312849.986900059
0.108,3312849.986900059
0.109,3312849.986900059
0.11,3312849.986900059
0.111,3312849.986900059
0.112,3312357.630751449
0.113,3312357.630751449
0.114,3312239.945923345
0.115,3312239.945923345
0.116,3287960.5941499076
0.117,3287960.5941499076
0.11800000000000001,3287960.5941499076
0.11900000000000001,3287960.5941499076
0.12,3287938.6420653556
0.121,3287938.6420653556
0.122,3287938.6420653556
0.123,3287938.6420653556
0.124,3287938.6420653556
0.125,3287938.6420653556
0.126,3287938.6420653556
0.127,3287938.6420653556
0.128,3287938.6420653556
0.129,3295394.5069214683
0.13,3295394.5069214683
0.131,3295394.5069214683
0.132,3295394.5069214683
0.133,3295394.5069214683
0.134,3295394.5069214683
0.135,3294779.659493691
0.136,3294779.659493691
0.137,3294779.659493691
0.138,3294779.659493691
0.139,3294779.659493691
0.14,3294779.659493691
0.14100000000000001,3294779.659493691
0.14200000000000002,3321321.5485811937
0.14300000000000002,3321321.5485811937
0.14400000000000002,3321321.5485811937
0.145,3321321.5485811937
0.146,3321321.5485811937
0.147,3321249.865037319
0.148,3321249.865037319
0.149,3321249.865037319
0.15,3321249.865037319
0.151,3321249.865037319
0.152,3321249.865037319
0.153,3321249.865037319
0.154,3321249.865037319
0.155,3321249.865037319
0.156,3321249.865037319
0.157,3321249.865037319
0.158,3321249.865037319
0.159,3321196.4863394727
0.16,3321196.4863394727
0.161,3321196.4863394727
0.162,3321196.4863394727
0.163,3321196.4863394727
0.164,3321196.4863394727
0.165,3321196.4863394727
0.166,3321196.4863394727
0.167,3321196.4863394727
0.168,3321196.4863394727
0.169,3321196.4863394727
0.17,3321196.4863394727
0.171,3342305.2436679383
0.17200000000000001,3342305.2436679383
0.17300000000000001,3342241.421024092
0.17400000000000002,3342241.421024092
0.17500000000000002,3342241.421024092
0.176,3342241.421024092
0.177,3342241.421024092
0.178,3342241.421024092
0.179,3342241.421024092
0.18,3342241.421024092
0.181,3342241.421024092
0.182,3342241.421024092
0.183,3342241.421024092
0.184,3342241.421024092
0.185,3350627.432727841
0.186,3360596.4348654742
0.187,3360596.4348654742
0.188,3360596.4348654742
0.189,3360596.4348654742
0.19,3360596.4348654742
0.191,3360596.4348654742
0.192,3360596.4348654742
0.193,3360596.4348654742
0.194,3360596.4348654742
0.195,3360596.4348654742
0.196,3360596.4348654742
0.197,3360596.4348654742
0.198,3360596.4348654742
0.199,3360596.4348654742
0.2,3360596.4348654742
0.201,3359261.747231428
0.202,3358842.7070309343
0.203,3358842.7070309343
0.20400000000000001,3358842.7070309343
0.20500000000000002,3358842.7070309343
0.20600000000000002,3358842.7070309343
0.20700000000000002,3408144.668301075
0.20800000000000002,3408144.668301075
0.209,3408144.668301075
0.21,3408144.668301075
0.211,3408144.668301075
0.212,3408144.668301075
0.213,3408144.668301075
0.214,3408144.668301075
0.215,3408144.668301075
0.216,3408144.668301075
0.217,3408144.668301075
0.218,3408144.668301075
0.219,3408144.668301075
0.22,3408144.668301075
0.221,3408144.668301075
0.222,3408144.668301075
0.223,3408144.668301075
0.224,3408144.668301075
0.225,3408144.668301075
0.226,3408144.668301075
0.227,3408144.668301075
0.228,3408144.668301075
0.229,3408144.668301075
0.23,3408144.668301075
0.231,3408144.668301075
0.232,3408144.668301075
0.233,3408144.668301075
0.234,3408144.668301075
0.23500000000000001,3408144.668301075
0.23600000000000002,3408144.668301075
0.23700000000000002,3408144.668301075
0.23800000000000002,3408144.668301075
0.23900000000000002,3408144.668301075
0.24,3408144.668301075
0.241,3408144.668301075
0.242,3408144.668301075
0.243,3408144.668301075
0.244,3408144.668301075
0.245,3408144.668301075
0.246,3408144.668301075
0.247,3478369.5892043277
0.248,3478369.5892043277
0.249,3478369.5892043277
0.25,3478369.5892043277
0.251,3478369.5892043277
0.252,3478369.5892043277
0.253,3478369.5892043277
0.254,3478369.5892043277
0.255,3478369.5892043277
0.256,3478369.5892043277
0.257,3478369.5892043277
0.258,3478369.5892043277
0.259,3478369.5892043277
0.26,3478369.5892043277
0.261,3478369.5892043277
0.262,3478369.5892043277
0.263,3478369.5892043277
0.264,3478369.5892043277
0.265,3478369.5892043277
0.266,3478369.5892043277
0.267,3497755.502898108
0.268,3497755.502898108
0.269,3497755.502898108
0.27,3497755.502898108
0.271,3497673.9798199935
0.272,3497673.9798199935
0.273,3498572.818171333
0.274,3498572.818171333
0.275,3498572.818171333
0.276,3498572.818171333
0.277,3498890.4935193197
0.278,3498868.5414347686
0.279,3498868.5414347686
0.28,3498645.308461557
0.281,3573878.368236275
0.28200000000000003,3573878.368236275
0.28300000000000003,3573878.368236275
0.28400000000000003,3573878.368236275
0.28500000000000003,3573878.368236275
0.28600000000000003,3573878.368236275
0.28700000000000003,3573878.368236275
0.28800000000000003,3573878.368236275
0.289,3573878.368236275
0.29,3573878.368236275
0.291,3573878.368236275
0.292,3573878.368236275
0.293,3573878.368236275
0.294,3573878.368236275
0.295,3573606.8540289397
0.296,3573606.8540289397
0.297,3573606.8540289397
0.298,3573606.8540289397
0.299,3573606.8540289397
0.3,3573557.2126565273
0.301,3573557.2126565273
0.302,3573557.2126565273
0.303,3573557.2126565273
0.304,3573557.2126565273
0.305,3573557.2126565273
0.306,3573557.2126565273
0.307,3573557.2126565273
0.308,3573557.2126565273
0.309,3573557.2126565273
0.31,3573557.2126565273
0.311,3579769.2653846294
0.312,3579769.2653846294
0.313,3579769.2653846294
0.314,3579769.2653846294
0.315,3579769.2653846294
0.316,3579769.2653846294
0.317,3579769.2653846294
0.318,3579769.2653846294
0.319,3579769.2653846294
0.32,3579769.2653846294
0.321,3579769.2653846294
0.322,3579769.2653846294
0.323,3579769.2653846294
0.324,3579769.2653846294
0.325,3579769.2653846294
0.326,3579679.2528537246
0.327,3579679.2528537246
0.328,3579679.2528537246
0.329,3579679.2528537246
0.33,3579679.2528537246
0.331,3579679.2528537246
0.332,3579553.476445692
0.333,3579553.476445692
0.334,3578694.8532738304
0.335,3584563.38038461
0.336,3584563.38038461
0.337,3585155.101316916
0.338,3585155.101316916
0.339,3585120.6864149524
0.34,3585120.6864149524
0.341,3585120.6864149524
0.342,3598779.271413234
0.343,3598779.271413234
0.34400000000000003,3598779.271413234
0.34500000000000003,3598719.845937427
0.34600000000000003,3598719.845937427
0.34700000000000003,3599149.2834014427
0.34800000000000003,3599149.2834014427
0.34900000000000003,3599149.2834014427
0.35000000000000003,3599474.409557165
0.35100000000000003,3599474.409557165
0.352,3599474.409557165
0.353,3599474.409557165
0.354,3599474.409557165
0.355,3599322.704338213
0.356,3599322.704338213
0.357,3599322.704338213
0.358,3599322.704338213
0.359,3599322.704338213
0.36,3599322.704338213
0.361,3599322.704338213
0.362,3598830.3481896026
0.363,3598830.3481896026
0.364,3598830.3481896026
0.365,3598830.3481896026
0.366,3598830.3481896026
0.367,3598830.3481896026
0.368,3598656.290547445
0.369,3598656.290547445
0.37,3598656.290547445
0.371,3598656.290547445
0.372,3598656.290547445
0.373,3598656.290547445
0.374,3598591.3127305317
0.375,3598591.3127305317
0.376,3598491.0180849526
0.377,3822867.133618091
0.378,3822867.133618091
0.379,3822867.133618091
0.38,3822867.133618091
0.381,3822867.133618091
0.382,3822867.133618091
0.383,3822867.133618091
0.384,3822867.133618091
0.385,3822867.133618091
0.386,3822867.133618091
0.387,3822867.133618091
0.388,3822867.133618091
0.389,3822867.133618091
0.39,3822867.133618091
0.391,3822867.133618091
0.392,3822867.133618091
0.393,3822867.133618091
0.394,3822867.133618091
0.395,3822867.133618091
0.396,3822867.133618091
0.397,3822867.133618091
0.398,3822867.133618091
0.399,3822867.133618091
0.4,3822867.133618091
0.401,3822867.133618091
0.402,3822867.133618091
0.403,3822867.133618091
0.404,3823244.4154279595
0.405,3823244.4154279595
0.406,3823244.4154279595
0.40700000000000003,3823244.4154279595
0.40800000000000003,3823244.4154279595
0.40900000000000003,3823244.4154279595
0.41000000000000003,3823244.4154279595
0.41100000000000003,3823244.4154279595
0.41200000000000003,3823244.4154279595
0.41300000000000003,3823244.4154279595
0.41400000000000003,3823244.4154279595
0.41500000000000004,3823244.4154279595
0.41600000000000004,3823244.4154279595
0.417,3823244.4154279595
0.418,3823244.4154279595
0.419,3822955.0192820593
0.42,3822955.0192820593
0.421,3822955.0192820593
0.422,3822955.0192820593
0.423,3822955.0192820593
0.424,3822955.0192820593
0.425,3822955.0192820593
0.426,3822955.0192820593
0.427,3822955.0192820593
0.428,3822955.0192820593
0.429,3822955.0192820593
0.43,3822955.0192820593
0.431,3822955.0192820593
0.432,3822955.0192820593
0.433,3822955.0192820593
0.434,3822955.0192820593
0.435,3822955.0192820593
0.436,3822955.0192820593
0.437,3822955.0192820593
0.438,3822955.0192820593
0.439,3822955.0192820593
0.44,3822955.0192820593
0.441,3822955.0192820593
0.442,3822955.0192820593
0.443,3822955.0192820593
0.444,3823813.8169885366
0.445,3823813.8169885366
0.446,3823813.8169885366
0.447,3823813.8169885366
0.448,3823345.601456989
0.449,3823345.601456989
0.45,3823345.601456989
0.451,3823345.601456989
0.452,3823345.601456989
0.453,3823345.601456989
0.454,3822877.3859254415
0.455,3822877.3859254415
0.456,3822877.3859254415
0.457,3822877.3859254415
0.458,3822877.3859254415
0.459,3822877.3859254415
0.46,3822877.3859254415
0.461,3823060.522036958
0.462,3851627.9967605597
0.463,3851627.9967605597
0.464,3851627.9967605597
0.465,3851627.9967605597
0.466,3851627.9967605597
0.467,3851627.9967605597
0.468,3851627.9967605597
0.46900000000000003,3851627.9967605597
0.47000000000000003,3851627.9967605597
0.47100000000000003,3851627.9967605597
0.47200000000000003,3851627.9967605597
0.47300000000000003,3859135.701573104
0.47400000000000003,3859135.701573104
0.47500000000000003,3859135.701573104
0.47600000000000003,3859135.701573104
0.47700000000000004,3858225.802159008
0.47800000000000004,3858225.802159008
0.47900000000000004,3858225.802159008
0.48,3858225.802159008
0.481,3858225.802159008
0.482,3858225.802159008
0.483,3858225.802159008
0.484,3858225.802159008
0.485,3858225.802159008
0.486,3858225.802159008
0.487,3858225.802159008
0.488,3858225.802159008
0.489,3858225.802159008
0.49,3858225.802159008
0.491,3858225.802159008
0.492,3858225.802159008
0.493,3858225.802159008
0.494,3858225.802159008
0.495,3858225.802159008
0.496,3858225.802159008
0.497,3858225.802159008
0.498,3858225.802159008
0.499,3858225.802159008
0.5,3858225.802159008
0.501,3858225.802159008
0.502,3858225.802159008
0.503,3858225.802159008
0.504,3858225.802159008
0.505,3858225.802159008
0.506,3858225.802159008
0.507,3858225.802159008
0.508,3858225.802159008
0.509,3858225.802159008
0.51,3858225.802159008
0.511,3858225.802159008
0.512,3858225.802159008
0.513,3858225.802159008
0.514,3858225.802159008
0.515,3858225.802159008
0.516,3858225.802159008
0.517,3858225.802159008
0.518,3858225.802159008
0.519,3858225.802159008
0.52,3858225.802159008
0.521,3858225.802159008
0.522,3858225.802159008
0.523,3858225.802159008
0.524,3858225.802159008
0.525,3858771.740464597
0.526,3858771.740464597
0.527,3907930.3636963046
0.528,3907930.3636963046
0.529,3907930.3636963046
0.53,3907930.3636963046
0.531,3907930.3636963046
0.532,3907930.3636963046
0.533,3907930.3636963046
0.534,3907930.3636963046
0.535,3907930.3636963046
0.536,3907930.3636963046
0.537,3907930.3636963046
0.538,3907930.3636963046
0.539,3907930.3636963046
0.54,3908968.2713808445
0.541,3908968.2713808445
0.542,3908968.2713808445
0.543,3908968.2713808445
0.544,3908968.2713808445
0.545,3908968.2713808445
0.546,3908968.2713808445
0.547,3908968.2713808445
0.548,3908968.2713808445
0.549,3908968.2713808445
0.55,3908968.2713808445
0.551,3908968.2713808445
0.552,3908968.2713808445
0.553,3908968.2713808445
0.554,3908968.2713808445
0.555,3908968.2713808445
0.556,3908968.2713808445
0.557,3908968.2713808445
0.558,3908968.2713808445
0.559,3908968.2713808445
0.56,3908968.2713808445
0.561,3908938.6390033304
0.562,3908938.6390033304
0.5630000000000001,3908938.6390033304
0.5640000000000001,3908938.6390033304
0.5650000000000001,4025307.69508324
0.5660000000000001,4025307.69508324
0.5670000000000001,4025307.69508324
0.5680000000000001,4025307.69508324
0.5690000000000001,4025307.69508324
0.5700000000000001,4025307.69508324
0.5710000000000001,4025307.69508324
0.5720000000000001,4025307.69508324
0.5730000000000001,4025307.69508324
0.5740000000000001,4025307.69508324
0.5750000000000001,4025307.69508324
0.5760000000000001,4025307.69508324
0.577,4025307.69508324
0.578,4025307.69508324
0.579,4025307.69508324
0.58,4025307.69508324
0.581,4025307.69508324
0.582,4025307.69508324
0.583,4025307.69508324
0.584,4025307.69508324
0.585,4025307.69508324
0.586,4025307.69508324
0.587,4025307.69508324
0.588,4025307.69508324
0.589,4025307.69508324
0.59,4025307.69508324
0.591,4025307.69508324
0.592,4025307.69508324
0.593,4025307.69508324
0.594,4025307.69508324
0.595,4025307.69508324
0.596,4025307.69508324
0.597,4025307.69508324
0.598,4025307.69508324
0.599,4025307.69508324
0.6,4025307.69508324
0.601,4025307.69508324
0.602,4025307.69508324
0.603,4025307.69508324
0.604,4025307.69508324
0.605,4025307.69508324
0.606,4025307.69508324
0.607,4025307.69508324
0.608,4025307.69508324
0.609,4025307.69508324
0.61,4025307.69508324
0.611,4025307.69508324
0.612,4025307.69508324
0.613,4025307.69508324
0.614,4025307.69508324
0.615,4025307.69508324
0.616,4025307.69508324
0.617,4025307.69508324
0.618,4025307.69508324
0.619,4025307.69508324
0.62,4025307.69508324
0.621,4025307.69508324
0.622,4025307.69508324
0.623,4025307.69508324
0.624,4025307.69508324
0.625,4025307.69508324
0.626,4025307.69508324
0.627,4131265.0953780017
0.628,4131265.0953780017
0.629,4131265.0953780017
0.63,4131265.0953780017
0.631,4131265.0953780017
0.632,4131265.0953780017
0.633,4131265.0953780017
0.634,4131265.0953780017
0.635,4131265.0953780017
0.636,4131265.0953780017
0.637,4131265.0953780017
0.638,4131265.0953780017
0.639,4131265.0953780017
0.64,4131265.0953780017
0.641,4131265.0953780017
0.642,4131265.0953780017
0.643,4131265.0953780017
0.644,4131265.0953780017
0.645,4131265.0953780017
0.646,4131771.179291868
0.647,4131771.179291868
0.648,4131771.179291868
0.649,4131771.179291868
0.65,4131771.179291868
0.651,4131771.179291868
0.652,4131771.179291868
0.653,4131771.179291868
0.654,4131771.179291868
0.655,4131771.179291868
0.656,4131771.179291868
0.657,4131771.179291868
0.658,4131771.179291868
0.659,4131771.179291868
0.66,4131771.179291868
0.661,4131771.179291868
0.662,4131771.179291868
0.663,4131771.179291868
0.664,4131771.179291868
0.665,4131771.179291868
0.666,4131771.179291868
0.667,4131771.179291868
0.668,4131771.179291868
0.669,4131771.179291868
0.67,4131771.179291868
0.671,4131771.179291868
0.672,4131771.179291868
0.673,4131771.179291868
0.674,4131771.179291868
0.675,4131771.179291868
0.676,4131771.179291868
0.677,4131771.179291868
0.678,4131771.179291868
0.679,4131771.179291868
0.68,4131771.179291868
0.681,4131771.179291868
0.682,4131771.179291868
0.683,4131771.179291868
0.684,4131771.179291868
0.685,4131771.179291868
0.686,4131771.179291868
0.687,4131771.179291868
0.6880000000000001,4140974.4955235533
0.6890000000000001,4140974.4955235533
0.6900000000000001,4140974.4955235533
0.6910000000000001,4140974.4955235533
0.6920000000000001,4140974.4955235533
0.6930000000000001,4140974.4955235533
0.6940000000000001,4140974.4955235533
0.6950000000000001,4140974.4955235533
0.6960000000000001,4140974.4955235533
0.6970000000000001,4140974.4955235533
0.6980000000000001,4140974.4955235533
0.6990000000000001,4140974.4955235533
0.7000000000000001,4140974.4955235533
0.7010000000000001,4140974.4955235533
0.7020000000000001,4140974.4955235533
0.7030000000000001,4140974.4955235533
0.704,4140974.4955235533
0.705,4140974.4955235533
0.706,4140974.4955235533
0.707,4140974.4955235533
0.708,4140974.4955235533
0.709,4140974.4955235533
0.71,4140974.4955235533
0.711,4140974.4955235533
0.712,4140974.4955235533
0.713,4140974.4955235533
0.714,4140974.4955235533
0.715,4140974.4955235533
0.716,4140974.4955235533
0.717,4140974.4955235533
0.718,4140974.4955235533
0.719,4140974.4955235533
0.72,4140974.4955235533
0.721,4140974.4955235533
0.722,4140974.4955235533
0.723,4140974.4955235533
0.724,4140974.4955235533
0.725,4140974.4955235533
0.726,4140974.4955235533
0.727,4140974.4955235533
0.728,4140974.4955235533
0.729,4140974.4955235533
0.73,4140974.4955235533
0.731,4140974.4955235533
0.732,4140974.4955235533
0.733,4140974.4955235533
0.734,4140974.4955235533
0.735,4140974.4955235533
0.736,4140974.4955235533
0.737,4140974.4955235533
0.738,4140974.4955235533
0.739,4140974.4955235533
0.74,4140974.4955235533
0.741,4140974.4955235533
0.742,4140974.4955235533
0.743,4140974.4955235533
0.744,4140974.4955235533
0.745,4140974.4955235533
0.746,4140974.4955235533
0.747,4140974.4955235533
0.748,4140974.4955235533
0.749,4140974.4955235533
0.75,4140974.4955235533
0.751,4144550.38629287
0.752,4144550.38629287
0.753,4144550.38629287
0.754,4144550.38629287
0.755,4144504.757628249
0.756,4144504.757628249
0.757,4144504.757628249
0.758,4144504.757628249
0.759,4144504.757628249
0.76,4144504.757628249
0.761,4144504.757628249
0.762,4144504.757628249
0.763,4144504.757628249
0.764,4144504.757628249
0.765,4144504.757628249
0.766,4144504.757628249
0.767,4144504.757628249
0.768,4144504.757628249
0.769,4144504.757628249
0.77,4144504.757628249
0.771,4144504.757628249
0.772,4144504.757628249
0.773,4144504.757628249
0.774,4144504.757628249
0.775,4144504.757628249
0.776,4144504.757628249
0.777,4144504.757628249
0.778,4144504.757628249
0.779,4144504.757628249
0.78,4144504.757628249
0.781,4192846.168373447
0.782,4192846.168373447
0.783,4192776.4089265433
0.784,4259782.154487341
0.785,4259782.154487341
0.786,4259782.154487341
0.787,4259782.154487341
0.788,4259782.154487341
0.789,4259782.154487341
0.79,4259782.154487341
0.791,4259782.154487341
0.792,4259782.154487341
0.793,4259782.154487341
0.794,4259782.154487341
0.795,4259782.154487341
0.796,4259782.154487341
0.797,4259782.154487341
0.798,4259782.154487341
0.799,4259782.154487341
0.8,4259782.154487341
0.801,4263969.4615467815
0.802,4263969.4615467815
0.803,4263969.4615467815
0.804,4263969.4615467815
0.805,4263969.4615467815
0.806,4263969.4615467815
0.807,4263969.4615467815
0.808,4263969.4615467815
0.809,4263969.4615467815
0.81,4263969.4615467815
0.811,4263969.4615467815
0.812,4263969.4615467815
0.8130000000000001,4263969.4615467815
0.8140000000000001,4263969.4615467815
0.8150000000000001,4263969.4615467815
0.8160000000000001,4263969.4615467815
0.8170000000000001,4263969.4615467815
0.8180000000000001,4263969.4615467815
0.8190000000000001,4263969.4615467815
0.8200000000000001,4263969.4615467815
0.8210000000000001,4263969.4615467815
0.8220000000000001,4263969.4615467815
0.8230000000000001,4263969.4615467815
0.8240000000000001,4263969.4615467815
0.8250000000000001,4263969.4615467815
0.8260000000000001,4263969.4615467815
0.8270000000000001,4263969.4615467815
0.8280000000000001,4263969.4615467815
0.8290000000000001,4263969.4615467815
0.8300000000000001,4263969.4615467815
0.8310000000000001,4263969.4615467815
0.8320000000000001,4263969.4615467815
0.833,4263969.4615467815
0.834,4263969.4615467815
0.835,4263969.4615467815
0.836,4263969.4615467815
0.837,4263969.4615467815
0.838,4263969.4615467815
0.839,4263969.4615467815
0.84,4263969.4615467815
0.841,4263969.4615467815
0.842,4263969.4615467815
0.843,4263969.4615467815
0.844,4263969.4615467815
0.845,4263969.4615467815
0.846,4263969.4615467815
0.847,4263969.4615467815
0.848,4263969.4615467815
0.849,4263969.4615467815
0.85,4263969.4615467815
0.851,4263969.4615467815
0.852,4263969.4615467815
0.853,4263969.4615467815
0.854,4263969.4615467815
0.855,4263969.4615467815
0.856,4339148.443517699
0.857,4339148.443517699
0.858,4339148.443517699
0.859,4339148.443517699
0.86,4339148.443517699
0.861,4339148.443517699
0.862,4339148.443517699
0.863,4339148.443517699
0.864,4339148.443517699
0.865,4339148.443517699
0.866,4339148.443517699
0.867,4339148.443517699
0.868,4339148.443517699
0.869,4339148.443517699
0.87,4339148.443517699
0.871,4339148.443517699
0.872,4339148.443517699
0.873,4339148.443517699
0.874,4339148.443517699
0.875,4339148.443517699
0.876,4339148.443517699
0.877,4339148.443517699
0.878,4341452.474466532
0.879,4341452.474466532
0.88,4341452.474466532
0.881,4341452.474466532
0.882,4341452.474466532
0.883,4341452.474466532
0.884,4341452.474466532
0.885,4341452.474466532
0.886,4341452.474466532
0.887,4341452.474466532
0.888,4341452.474466532
0.889,4341452.474466532
0.89,4341452.474466532
0.891,4341452.474466532
0.892,4341452.474466532
0.893,4341452.474466532
0.894,4341452.474466532
0.895,4341452.474466532
0.896,4341452.474466532
0.897,4341452.474466532
0.898,4341452.474466532
0.899,4341452.474466532
0.9,4341452.474466532
0.901,4348292.599767777
0.902,4348292.599767777
0.903,4389584.0751035055
0.904,4389584.0751035055
0.905,4389584.0751035055
0.906,4389584.0751035055
0.907,4389584.0751035055
0.908,4389584.0751035055
0.909,4389584.0751035055
0.91,4389584.0751035055
0.911,4389584.0751035055
0.912,4389584.0751035055
0.913,4389584.0751035055
0.914,4389584.0751035055
0.915,4389584.0751035055
0.916,4389584.0751035055
0.917,4389584.0751035055
0.918,4389584.0751035055
0.919,4389584.0751035055
0.92,4389584.0751035055
0.921,4389584.0751035055
0.922,4389584.0751035055
0.923,4389584.0751035055
0.924,4389584.0751035055
0.925,4389584.0751035055
0.926,4389584.0751035055
0.927,4843520.767824964
0.928,4843520.767824964
0.929,4843520.767824964
0.93,4843520.767824964
0.931,4843520.767824964
0.932,4843520.767824964
0.933,4843520.767824964
0.934,4843520.767824964
0.935,4843520.767824964
0.936,4843520.767824964
0.937,4843520.767824964
0.9380000000000001,4843520.767824964
0.9390000000000001,4843520.767824964
0.9400000000000001,4843520.767824964
0.9410000000000001,4843520.767824964
0.9420000000000001,4843520.767824964
0.9430000000000001,4843520.767824964
0.9440000000000001,4843520.767824964
0.9450000000000001,4843520.767824964
0.9460000000000001,4843520.767824964
0.9470000000000001,4843520.767824964
0.9480000000000001,4843520.767824964
0.9490000000000001,4843520.767824964
0.9500000000000001,4843520.767824964
0.9510000000000001,4843520.767824964
0.9520000000000001,4843520.767824964
0.9530000000000001,4843520.767824964
0.9540000000000001,4843520.767824964
0.9550000000000001,4843520.767824964
0.9560000000000001,4843520.767824964
0.9570000000000001,4843520.767824964
0.9580000000000001,4843520.767824964
0.9590000000000001,4843520.767824964
0.96,4843520.767824964
0.961,4843520.767824964
0.962,4843520.767824964
0.963,4843520.767824964
0.964,4843520.767824964
0.965,4843520.767824964
0.966,4843520.767824964
0.967,4843520.767824964
0.968,4843520.767824964
0.969,4843520.767824964
0.97,4843520.767824964
0.971,4843520.767824964
0.972,4843520.767824964
0.973,4843520.767824964
0.974,4843520.767824964
0.975,4843520.767824964
0.976,4843520.767824964
0.977,4843520.767824964
0.978,4843520.767824964
0.979,4843520.767824964
0.98,4843520.767824964
0.981,4843520.767824964
0.982,4843520.767824964
0.983,4843520.767824964
0.984,4843520.767824964
0.985,4843520.767824964
0.986,4843520.767824964
0.987,4843520.767824964
0.988,4843520.767824964
0.989,4843520.767824964
0.99,4843520.767824964
0.991,4843520.767824964
0.992,4843520.767824964
0.993,4843520.767824964
0.994,4843520.767824964
0.995,4843520.767824964
0.996,4843520.767824964
0.997,4843520.767824964
0.998,4843520.767824964
0.999,4843520.767824964
1.0,4957413.684036736
